nom,prenom,date_naissance,annee,nationalite,ecole,matiere,projet,description_projet,publie,entreprise,pays_entreprise,date_embauche,stage_entreprise,stage_pays,stage_debut,stage_fin
Albert,Maryse,2004-02-17,2019,Liechtenstein,Université Lumière,Informatique,,,NULL,Colin S.A.S.,Bahrain,2001-08-31,Legendre Peron S.A.S.,Israël,2019-04-14,2019-08-16
Albert,Maryse,2004-02-17,2020,Liechtenstein,Université Lumière,Chimie,,,NULL,Colin S.A.S.,Bahrain,2001-08-31,Brunet S.A.R.L.,Maldives (Îles),2020-01-12,2020-07-05
Albert,Maryse,2004-02-17,2021,Liechtenstein,Université Lumière,Chimie; Histoire; Mathématiques; Physique; Économie,Seize ubiquitous e-business,Chaque certain claire dos.,False,Colin S.A.S.,Bahrain,2001-08-31,Aubert Blot SARL,Égypte,2021-02-11,2021-05-28
Albert,Maryse,2004-02-17,2022,Liechtenstein,Université Lumière,Biologie; Chimie; Informatique; Mathématiques; Philosophie; Économie,Cultivate dot-com technologies,Reposer bruit autrefois rôle inviter occasion angoisse.,True,Colin S.A.S.,Bahrain,2001-08-31,Jacques S.A.,Christmas (Île),2022-06-13,2022-08-11
Albert,Maryse,2004-02-17,2023,Liechtenstein,Université Lumière,Biologie; Économie,Syndicate end-to-end web services,Vendre perdu servir.,False,Colin S.A.S.,Bahrain,2001-08-31,Gautier S.A.,Colombie,2023-01-28,2023-06-14
Aubert,Augustin,1998-12-04,2019,Irak,École Polytechnique,Philosophie,,,NULL,Vidal Perrier S.A.R.L.,Svalbard et Jan Mayen (Îles),2008-01-17,Lopez,Papouasie-Nouvelle-Guinée,2019-04-11,2019-10-05
Aubert,Augustin,1998-12-04,2020,Irak,École Polytechnique,Chimie; Informatique,Expedite dot-com models,Du contraire instant causer peuple réussir loi droit.,True,Vidal Perrier S.A.R.L.,Svalbard et Jan Mayen (Îles),2008-01-17,Vidal Perrier S.A.R.L.,,,
Aubert,Augustin,1998-12-04,2021,Irak,École Polytechnique,Littérature; Mathématiques,Streamline revolutionary synergies,Trésor politique tout.,True,Vidal Perrier S.A.R.L.,Svalbard et Jan Mayen (Îles),2008-01-17,Coulon Ledoux S.A.,Marshall (Îles),2021-05-08,2021-09-03
Aubert,Augustin,1998-12-04,2022,Irak,École Polytechnique,Biologie; Histoire,Synergize magnetic initiatives,Situation suite parler arrivée signe.,True,Vidal Perrier S.A.R.L.,Svalbard et Jan Mayen (Îles),2008-01-17,Vidal Perrier S.A.R.L.,,,
Aubert,Augustin,1998-12-04,2023,Irak,École Polytechnique,Chimie; Philosophie; Économie,Redefine integrated solutions,Plutôt herbe hier science précieux.,False,Vidal Perrier S.A.R.L.,Svalbard et Jan Mayen (Îles),2008-01-17,Martins Colas SA,Espagne,2023-03-04,2023-08-24
Aubert,Augustin,1998-12-04,2024,Irak,École Polytechnique,Biologie; Chimie; Histoire; Informatique; Littérature; Mathématiques; Philosophie; Physique; Économie,,,NULL,Vidal Perrier S.A.R.L.,Svalbard et Jan Mayen (Îles),2008-01-17,Chrétien S.A.S.,République tchèque,2024-04-08,2024-10-03
Barbier,Hélène,2001-06-20,2015,Venezuela,Institut Supérieur,Philosophie,,,NULL,,,,Pereira,Laos,2015-03-23,2015-05-20
Barbier,Hélène,2001-06-20,2016,Venezuela,Institut Supérieur,Histoire; Économie,,,NULL,,,,,,,
Barbier,Hélène,2001-06-20,2017,Venezuela,Institut Supérieur,Chimie; Histoire; Informatique; Littérature; Physique; Économie,Transition viral vortals,Mensonge essuyer promener peu.,False,,,,,,,
Barbier,Hélène,2001-06-20,2018,Venezuela,Institut Supérieur,Chimie; Histoire; Littérature; Mathématiques; Économie,Reinvent next-generation convergence,Quant À de surveiller y bas maintenant.,False,,,,,,,
Barbier,Hélène,2001-06-20,2019,Venezuela,Institut Supérieur,Histoire,Architect proactive models,Devant haut empêcher revenir sorte preuve traverser.,True,,,,,,,
Benard,Hélène,1997-07-06,2015,Thailande,École Polytechnique,Biologie; Littérature; Philosophie; Physique; Économie,Deliver interactive web services,Billet ne apparence dent.,True,Ruiz Monnier S.A.R.L.,Bermudes (Les),2006-09-22,Fontaine Pierre S.A.S.,Biélorussie,2015-06-11,2015-10-06
Benard,Hélène,1997-07-06,2016,Thailande,École Polytechnique,Biologie; Histoire; Mathématiques; Philosophie,Grow holistic niches,Lisser fou chemise peur.,False,Ruiz Monnier S.A.R.L.,Bermudes (Les),2006-09-22,Jourdan,Tchad,2016-04-07,2016-05-13
Benard,Hélène,1997-07-06,2017,Thailande,École Polytechnique,Biologie; Informatique; Mathématiques; Philosophie; Physique; Économie,Maximize value-added web-readiness,Haut conclure vent morceau attention société.,False,Ruiz Monnier S.A.R.L.,Bermudes (Les),2006-09-22,Lebreton,Portugal,2017-02-11,2017-07-23
Benard,Hélène,1997-07-06,2018,Thailande,École Polytechnique,Histoire,Scale innovative architectures,Vaste puissance environ système.,True,Ruiz Monnier S.A.R.L.,Bermudes (Les),2006-09-22,Bonneau,Angola,2018-05-01,2018-07-27
Benard,Hélène,1997-07-06,2019,Thailande,École Polytechnique,Chimie,,,NULL,Ruiz Monnier S.A.R.L.,Bermudes (Les),2006-09-22,Bouchet SA,Vietnam,2019-04-05,2019-07-05
Bernard,Geneviève,2000-03-26,2019,Vanuatu,Université Lumière,Biologie; Littérature,Empower extensible e-services,Début direction palais seconde éloigner.,True,Auger,Yougoslavie,2011-08-10,Ribeiro,Bahamas,2019-05-21,2019-08-25
Bernard,Geneviève,2000-03-26,2020,Vanuatu,Université Lumière,Biologie; Chimie; Mathématiques,,,NULL,Auger,Yougoslavie,2011-08-10,Clément Pasquier SARL,Jordanie,2020-04-16,2020-10-02
Bernard,Geneviève,2000-03-26,2021,Vanuatu,Université Lumière,Biologie; Informatique; Mathématiques; Économie,,,NULL,Auger,Yougoslavie,2011-08-10,Auger,,,
Bernard,Geneviève,2000-03-26,2022,Vanuatu,Université Lumière,Biologie; Histoire; Informatique; Littérature; Mathématiques; Économie,Evolve distributed applications,Faible partager jambe madame.,True,Auger,Yougoslavie,2011-08-10,Auger,,,
Bernard,Geneviève,2000-03-26,2023,Vanuatu,Université Lumière,Biologie; Économie,Morph rich platforms,Paraître ici lien drame malade.,True,Auger,Yougoslavie,2011-08-10,Auger,,,
Bernard,Geneviève,2000-03-26,2024,Vanuatu,Université Lumière,Chimie; Mathématiques; Philosophie; Économie,,,NULL,Auger,Yougoslavie,2011-08-10,Wagner SA,Ghana,2024-04-18,2024-08-13
Blanc,Christophe,2000-04-26,2019,Cap Vert,École Polytechnique,Chimie; Physique,Synthesize magnetic partnerships,Enfin sentiment tout sérieux naître.,True,Vallée,Gabon,2021-08-13,Marty Fischer S.A.R.L.,Laos,2019-02-18,2019-04-10
Blanc,Christophe,2000-04-26,2020,Cap Vert,École Polytechnique,Économie,Implement b2b solutions,Écarter seconde par rouge monter.,False,Vallée,Gabon,2021-08-13,Chauveau,Biélorussie,2020-03-17,2020-04-17
Blanc,Christophe,2000-04-26,2021,Cap Vert,École Polytechnique,Littérature; Philosophie,Deliver bricks-and-clicks convergence,Soldat intérieur arbre possible poésie attacher étendue.,False,Vallée,Gabon,2021-08-13,Lebrun S.A.R.L.,Suède,2021-06-02,2021-08-29
Blanc,Christophe,2000-04-26,2022,Cap Vert,École Polytechnique,Biologie; Chimie; Histoire; Informatique; Littérature; Mathématiques; Philosophie; Physique; Économie,Engage next-generation e-business,Soin prison danser précis interroger.,True,Vallée,Gabon,2021-08-13,Guibert Dufour S.A.,Brésil,2022-06-21,2022-11-13
Blanc,Christophe,2000-04-26,2023,Cap Vert,École Polytechnique,Chimie; Informatique; Mathématiques; Physique,Re-intermediate 24/7 e-tailers,Chance amour escalier présent police enfin intérêt étranger.,True,Vallée,Gabon,2021-08-13,Mercier,Kenya,2023-02-03,2023-05-24
Blanc,Christophe,2000-04-26,2024,Cap Vert,École Polytechnique,Biologie; Chimie; Philosophie; Physique; Économie,,,NULL,Vallée,Gabon,2021-08-13,Vallée,,,
Blondel,Laurence,2007-03-27,2015,Gabon,Institut Supérieur,Biologie; Informatique; Mathématiques; Économie,Visualize frictionless networks,Là gauche jeter marché accorder énergie.,True,Dufour,Cook (Îles),2007-12-23,Rodrigues S.A.R.L.,Mozambique,2015-04-19,2015-06-18
Blondel,Laurence,2007-03-27,2016,Gabon,Institut Supérieur,Biologie; Chimie; Informatique; Littérature; Mathématiques; Philosophie; Économie,,,NULL,Dufour,Cook (Îles),2007-12-23,Voisin,Guadeloupe,2016-03-27,2016-09-09
Blondel,Laurence,2007-03-27,2017,Gabon,Institut Supérieur,Chimie; Informatique; Littérature; Philosophie; Physique; Économie,E-enable granular portals,Partager produire entier secret silencieux.,True,Dufour,Cook (Îles),2007-12-23,Dufour,,,
Blondel,Laurence,2007-03-27,2018,Gabon,Institut Supérieur,Chimie; Littérature; Économie,,,NULL,Dufour,Cook (Îles),2007-12-23,Duhamel,Tunisie,2018-06-15,2018-10-11
Blondel,Laurence,2007-03-27,2019,Gabon,Institut Supérieur,Biologie; Histoire; Économie,Expedite best-of-breed channels,Note art compte.,True,Dufour,Cook (Îles),2007-12-23,Pasquier S.A.,Paraguay,2019-04-30,2019-06-05
Blondel,Laurence,2007-03-27,2020,Gabon,Institut Supérieur,Chimie; Histoire,Transform intuitive infrastructures,Choix cerveau avis père obtenir plutôt.,True,Dufour,Cook (Îles),2007-12-23,Dufour,,,
Brunel,Arthur,2003-04-14,2015,République centrafricaine,Université Lumière,Biologie; Chimie; Informatique; Littérature; Mathématiques; Physique; Économie,E-enable cutting-edge architectures,Puissant en emmener désigner saisir.,True,Bigot,"Corée, Sud",2006-04-28,Bigot,,,
Brunel,Arthur,2003-04-14,2016,République centrafricaine,Université Lumière,Biologie; Chimie; Histoire; Économie,Architect compelling infrastructures,Hier représenter terre le âge étoile exister tour.,True,Bigot,"Corée, Sud",2006-04-28,Bigot,,,
Brunel,Arthur,2003-04-14,2017,République centrafricaine,Université Lumière,Histoire; Littérature; Économie,,,NULL,Bigot,"Corée, Sud",2006-04-28,Boucher,Somalie,2017-03-22,2017-06-20
Brunel,Arthur,2003-04-14,2018,République centrafricaine,Université Lumière,Biologie,Maximize transparent systems,Boire raison machine renoncer remonter sourire élément.,False,Bigot,"Corée, Sud",2006-04-28,Monnier S.A.R.L.,Gambie,2018-04-08,2018-09-08
Brunel,Arthur,2003-04-14,2019,République centrafricaine,Université Lumière,Chimie; Littérature; Économie,,,NULL,Bigot,"Corée, Sud",2006-04-28,Bigot,,,
Brunel,Arthur,2003-04-14,2020,République centrafricaine,Université Lumière,Physique; Économie,,,NULL,Bigot,"Corée, Sud",2006-04-28,Roux,Suriname,2020-03-26,2020-09-05
Brun,Constance,2003-11-08,2015,Nepal,Université Lumière,Biologie; Informatique; Philosophie,Transition dynamic partnerships,Cercle saluer dessus satisfaire circonstance de repas fou.,False,,,,,,,
Brun,Constance,2003-11-08,2016,Nepal,Université Lumière,Biologie; Informatique; Mathématiques; Philosophie; Économie,Mesh cutting-edge supply-chains,Jardin quoi chez maître rouler appartenir.,False,,,,Pineau,Saint-Marin (Rép. de),2016-06-01,2016-10-02
Brun,Constance,2003-11-08,2017,Nepal,Université Lumière,Biologie; Chimie; Histoire; Philosophie; Physique,Leverage cross-platform bandwidth,Verre rendre que obliger écouter pendant maladie.,False,,,,Pierre Albert SARL,Irak,2017-01-13,2017-04-21
Brun,Constance,2003-11-08,2018,Nepal,Université Lumière,Chimie; Philosophie,Envisioneer impactful portals,Discuter bête moyen mari double raison fruit sens.,False,,,,,,,
Brun,Constance,2003-11-08,2019,Nepal,Université Lumière,Chimie; Économie,Syndicate open-source web services,Tourner faute joindre deviner devant espérer vif.,True,,,,,,,
Brun,Louise,2003-07-09,2019,Tchad,Université Lumière,Physique,Synergize intuitive networks,Ferme rose te terre.,False,Morin,Yemen,2009-10-25,Peron Tessier et Fils,Estonie,2019-04-04,2019-07-26
Brun,Louise,2003-07-09,2020,Tchad,Université Lumière,Histoire; Informatique; Philosophie; Économie,,,NULL,Morin,Yemen,2009-10-25,Laine,Moldavie,2020-02-22,2020-07-02
Brun,Louise,2003-07-09,2021,Tchad,Université Lumière,Biologie; Chimie; Mathématiques; Économie,Morph turn-key interfaces,Sortir engager cependant prêter théâtre étranger souffrir.,False,Morin,Yemen,2009-10-25,Pinto,Arabie saoudite,2021-05-06,2021-07-27
Brun,Louise,2003-07-09,2022,Tchad,Université Lumière,Biologie; Littérature,,,NULL,Morin,Yemen,2009-10-25,Morin,,,
Brun,Louise,2003-07-09,2023,Tchad,Université Lumière,Biologie; Chimie; Littérature; Mathématiques; Économie,Empower collaborative technologies,Sable voyager relever.,False,Morin,Yemen,2009-10-25,Cohen Toussaint et Fils,Micronésie (États fédérés de),2023-03-01,2023-05-06
Brun,Louise,2003-07-09,2024,Tchad,Université Lumière,Mathématiques; Philosophie,,,NULL,Morin,Yemen,2009-10-25,Morin,,,
Buisson,Cécile,1994-11-01,2019,Dominique,Université Lumière,Biologie; Littérature; Philosophie,,,NULL,Dupuy Thomas S.A.S.,Somalie,2015-06-12,Dupuy Thomas S.A.S.,,,
Buisson,Cécile,1994-11-01,2020,Dominique,Université Lumière,Histoire; Informatique; Économie,Iterate b2c eyeballs,Coûter meilleur prochain million chez peine politique.,False,Dupuy Thomas S.A.S.,Somalie,2015-06-12,Ramos,Aruba,2020-04-21,2020-06-03
Buisson,Cécile,1994-11-01,2021,Dominique,Université Lumière,Mathématiques; Philosophie,Cultivate cross-media schemas,Terrain lutter avant courage rejeter tant.,True,Dupuy Thomas S.A.S.,Somalie,2015-06-12,Lecoq S.A.R.L.,Islande,2021-02-06,2021-04-10
Buisson,Cécile,1994-11-01,2022,Dominique,Université Lumière,Chimie; Informatique,,,NULL,Dupuy Thomas S.A.S.,Somalie,2015-06-12,Rodriguez Gilbert et Fils,Roumanie,2022-02-26,2022-05-17
Buisson,Cécile,1994-11-01,2023,Dominique,Université Lumière,Histoire; Informatique; Littérature; Mathématiques; Philosophie; Économie,Redefine frictionless paradigms,Mort chute énergie possible vin déchirer entretenir.,True,Dupuy Thomas S.A.S.,Somalie,2015-06-12,Lebrun SARL,Hong Kong,2023-03-25,2023-07-04
Buisson,Cécile,1994-11-01,2024,Dominique,Université Lumière,Chimie; Histoire; Informatique; Philosophie; Économie,,,NULL,Dupuy Thomas S.A.S.,Somalie,2015-06-12,Diaz Jourdan S.A.R.L.,Afrique du sud,2024-02-03,2024-03-07
Chauveau,Aurore,2006-05-18,2017,Anguilla,École Polytechnique,Histoire; Informatique; Littérature; Philosophie,Facilitate rich paradigms,Plaisir loup prêter peser veille bon renoncer.,False,Carre,Thailande,2022-03-09,Menard Ferreira SA,Andorre,2017-03-22,2017-06-29
Chauveau,Aurore,2006-05-18,2018,Anguilla,École Polytechnique,Chimie; Économie,Orchestrate rich e-tailers,Cesse hésiter disparaître terme.,True,Carre,Thailande,2022-03-09,Fouquet,Sainte Hélène,2018-03-24,2018-05-26
Chauveau,Aurore,2006-05-18,2019,Anguilla,École Polytechnique,Informatique; Philosophie; Économie,Generate rich mindshare,Meilleur surveiller salle plaindre agent esprit.,True,Carre,Thailande,2022-03-09,Hernandez,Belize,2019-03-13,2019-08-15
Chauveau,Aurore,2006-05-18,2020,Anguilla,École Polytechnique,Biologie; Chimie; Informatique; Littérature; Mathématiques; Philosophie; Économie,Enhance global relationships,Semblable public manquer droite signe pencher.,False,Carre,Thailande,2022-03-09,Carre,,,
Chauveau,Aurore,2006-05-18,2021,Anguilla,École Polytechnique,Histoire; Philosophie; Physique,,,NULL,Carre,Thailande,2022-03-09,Carre,,,
Chauveau,Aurore,2006-05-18,2022,Anguilla,École Polytechnique,Biologie,,,NULL,Carre,Thailande,2022-03-09,Moulin SA,Laos,2022-04-08,2022-05-12
Chauveau,Louise,1998-06-29,2017,Ethiopie,Université Lumière,Chimie; Informatique; Littérature; Mathématiques,Extend best-of-breed mindshare,Étendre pensée pendant construire décider.,True,,,,,,,
Chauveau,Louise,1998-06-29,2018,Ethiopie,Université Lumière,Chimie; Mathématiques; Philosophie; Physique; Économie,,,NULL,,,,Legendre Chauvin S.A.S.,Anguilla,2018-01-10,2018-05-05
Chauveau,Louise,1998-06-29,2019,Ethiopie,Université Lumière,Chimie; Physique; Économie,,,NULL,,,,,,,
Chauveau,Louise,1998-06-29,2020,Ethiopie,Université Lumière,Informatique; Littérature,Incubate one-to-one roi,Peser naître dégager fatiguer raconter président droit.,False,,,,,,,
Chauveau,Louise,1998-06-29,2021,Ethiopie,Université Lumière,Chimie; Philosophie; Physique,Re-contextualize best-of-breed networks,Lieu ennemi vague retirer certes fois expression faveur.,False,,,,Lagarde et Fils,Saint-Kitts et Nevis,2021-03-16,2021-07-29
Chauveau,Louise,1998-06-29,2022,Ethiopie,Université Lumière,Économie,Benchmark back-end web services,Quelque tête entrer roi riche bataille.,False,,,,,,,
Cohen,Valérie,1996-11-19,2015,Algérie,École Polytechnique,Biologie; Chimie,Architect dot-com relationships,Donc confondre moyen quelque art gris.,True,Navarro SA,Suriname,2005-12-01,Navarro SA,,,
Cohen,Valérie,1996-11-19,2016,Algérie,École Polytechnique,Histoire,,,NULL,Navarro SA,Suriname,2005-12-01,Joseph,Haïti,2016-04-14,2016-06-06
Cohen,Valérie,1996-11-19,2017,Algérie,École Polytechnique,Biologie; Philosophie; Économie,Re-contextualize proactive mindshare,Voler cent conseil simple cour.,True,Navarro SA,Suriname,2005-12-01,Bazin,Cameroun,2017-06-26,2017-10-14
Cohen,Valérie,1996-11-19,2018,Algérie,École Polytechnique,Biologie; Économie,Deliver visionary mindshare,Éviter coup signe aucun vaste article.,False,Navarro SA,Suriname,2005-12-01,Navarro SA,,,
Cohen,Valérie,1996-11-19,2019,Algérie,École Polytechnique,Philosophie; Physique,,,NULL,Navarro SA,Suriname,2005-12-01,Fischer Morel S.A.,Ethiopie,2019-06-09,2019-10-10
Cohen,Valérie,1996-11-19,2020,Algérie,École Polytechnique,Chimie; Physique,Engage e-business mindshare,Peu ton répandre malade bien.,True,Navarro SA,Suriname,2005-12-01,Navarro SA,,,
Diallo,François,1999-05-24,2015,Guinée-Bissau,Université Lumière,Histoire; Mathématiques; Philosophie; Économie,Whiteboard robust bandwidth,Perte tandis que agir.,True,Allard,Ouzbékistan,2000-12-09,Lenoir S.A.R.L.,São Tomé et Príncipe (Rép.),2015-05-02,2015-09-29
Diallo,François,1999-05-24,2016,Guinée-Bissau,Université Lumière,Biologie; Physique; Économie,,,NULL,Allard,Ouzbékistan,2000-12-09,Lévy,Aruba,2016-06-13,2016-11-22
Diallo,François,1999-05-24,2017,Guinée-Bissau,Université Lumière,Chimie; Mathématiques; Philosophie,Matrix clicks-and-mortar experiences,Risquer milieu inspirer riche dès naturellement page.,False,Allard,Ouzbékistan,2000-12-09,Renault Marchal S.A.,Gibraltar,2017-06-15,2017-08-05
Diallo,François,1999-05-24,2018,Guinée-Bissau,Université Lumière,Biologie; Informatique; Philosophie; Physique; Économie,Target next-generation technologies,Beau vie effacer bête tenir quel sauver.,True,Allard,Ouzbékistan,2000-12-09,Dupré SARL,Groenland,2018-05-24,2018-07-07
Diallo,François,1999-05-24,2019,Guinée-Bissau,Université Lumière,Informatique; Littérature; Physique; Économie,,,NULL,Allard,Ouzbékistan,2000-12-09,Tessier S.A.S.,Qatar,2019-05-11,2019-08-20
Diallo,François,1999-05-24,2020,Guinée-Bissau,Université Lumière,Chimie,Unleash holistic relationships,Maintenant de semblable officier éteindre considérer.,False,Allard,Ouzbékistan,2000-12-09,Pineau,Porto Rico,2020-01-28,2020-04-10
Didier,Noémi,1997-03-29,2018,Croatie,Institut Supérieur,Histoire; Littérature; Philosophie,Embrace revolutionary markets,Plutôt maison en fixe contenir social reculer.,False,Robert S.A.S.,Swaziland,2005-07-01,Teixeira Bourgeois SARL,Maldives (Îles),2018-06-18,2018-12-10
Didier,Noémi,1997-03-29,2019,Croatie,Institut Supérieur,Chimie; Histoire; Littérature; Mathématiques; Philosophie,Cultivate collaborative roi,Effacer inquiéter face blond flot.,True,Robert S.A.S.,Swaziland,2005-07-01,Delmas,Liban,2019-04-20,2019-08-05
Didier,Noémi,1997-03-29,2020,Croatie,Institut Supérieur,Chimie; Mathématiques,Enable out-of-the-box e-tailers,Grâce action comme liberté yeux.,False,Robert S.A.S.,Swaziland,2005-07-01,Salmon,Papouasie-Nouvelle-Guinée,2020-02-05,2020-05-18
Didier,Noémi,1997-03-29,2021,Croatie,Institut Supérieur,Biologie; Chimie; Informatique; Physique; Économie,,,NULL,Robert S.A.S.,Swaziland,2005-07-01,Guérin,Rwanda,2021-03-07,2021-05-09
Didier,Noémi,1997-03-29,2022,Croatie,Institut Supérieur,Chimie; Littérature; Mathématiques; Physique,,,NULL,Robert S.A.S.,Swaziland,2005-07-01,Guyot,Timor,2022-02-24,2022-06-14
Fabre,Astrid,2001-09-16,2017,Nepal,École Polytechnique,Philosophie; Économie,Benchmark wireless convergence,Votre question absolument paquet.,False,Royer Noël et Fils,Venezuela,2013-09-27,Royer Noël et Fils,,,
Fabre,Astrid,2001-09-16,2018,Nepal,École Polytechnique,Biologie; Chimie; Histoire; Informatique; Physique; Économie,Maximize bricks-and-clicks channels,Suite le résistance projet.,True,Royer Noël et Fils,Venezuela,2013-09-27,Royer Noël et Fils,,,
Fabre,Astrid,2001-09-16,2019,Nepal,École Polytechnique,Informatique; Mathématiques; Économie,Matrix one-to-one solutions,Quelqu'Un soleil emporter.,True,Royer Noël et Fils,Venezuela,2013-09-27,Rocher,Azerbaïdjan,2019-05-22,2019-08-13
Fabre,Astrid,2001-09-16,2020,Nepal,École Polytechnique,Biologie; Informatique; Littérature; Mathématiques,Revolutionize world-class web-readiness,Seul français oncle danger cinquante éclater santé.,False,Royer Noël et Fils,Venezuela,2013-09-27,Rodriguez Boucher S.A.R.L.,Argentine,2020-06-12,2020-10-01
Fabre,Astrid,2001-09-16,2021,Nepal,École Polytechnique,Chimie; Informatique; Philosophie; Physique,Incubate user-centric users,Assurer imposer soleil humain plein.,True,Royer Noël et Fils,Venezuela,2013-09-27,Royer Noël et Fils,,,
Fabre,Astrid,2001-09-16,2022,Nepal,École Polytechnique,Histoire; Littérature; Philosophie,Enable proactive models,Long mêler eau veille port mien.,False,Royer Noël et Fils,Venezuela,2013-09-27,Royer Noël et Fils,,,
Fabre,Astrid,2001-09-16,2023,Nepal,École Polytechnique,Chimie; Histoire; Littérature,Deliver plug-and-play channels,Conscience certes arriver vol tenter.,False,Royer Noël et Fils,Venezuela,2013-09-27,Barthelemy,Myanmar,2023-04-13,2023-09-25
Fabre,Astrid,2001-09-16,2024,Nepal,École Polytechnique,Littérature; Mathématiques,Engineer customized portals,Vieillard blanc part voie mourir au exposer.,True,Royer Noël et Fils,Venezuela,2013-09-27,Verdier S.A.S.,Grèce,2024-04-27,2024-10-07
Fontaine,Étienne,2001-11-11,2019,Indonésie,Institut Supérieur,Informatique; Littérature; Mathématiques; Économie,Visualize collaborative paradigms,Seconde pauvre plein tenir perdu ensuite secours.,False,Hervé,Grèce,2024-11-13,Ruiz Dos Santos et Fils,Islande,2019-02-06,2019-07-29
Fontaine,Étienne,2001-11-11,2020,Indonésie,Institut Supérieur,Philosophie; Économie,Leverage cutting-edge deliverables,Ouvert aller claire pied cent étranger.,False,Hervé,Grèce,2024-11-13,Evrard,Cameroun,2020-02-14,2020-07-21
Fontaine,Étienne,2001-11-11,2021,Indonésie,Institut Supérieur,Littérature; Économie,,,NULL,Hervé,Grèce,2024-11-13,Gaillard Pierre SA,Portugal,2021-06-14,2021-10-09
Fontaine,Étienne,2001-11-11,2022,Indonésie,Institut Supérieur,Informatique; Physique,Innovate front-end communities,Pourquoi aucun aucun bouche tantôt.,False,Hervé,Grèce,2024-11-13,Vallée,Samoa,2022-04-19,2022-07-01
Fontaine,Étienne,2001-11-11,2023,Indonésie,Institut Supérieur,Biologie; Informatique; Économie,,,NULL,Hervé,Grèce,2024-11-13,Robin Imbert SARL,Kirghizistan,2023-03-01,2023-08-12
Fontaine,Étienne,2001-11-11,2024,Indonésie,Institut Supérieur,Biologie; Économie,Reinvent efficient metrics,An crainte apercevoir robe.,True,Hervé,Grèce,2024-11-13,Hervé,,,
Fournier,Charles,2005-08-19,2016,Swaziland,École Polytechnique,Informatique; Physique,,,NULL,Lebon Hoareau S.A.S.,Nigeria,2021-07-17,Colin Thomas S.A.S.,Saint Vincent et les Grenadines,2016-01-26,2016-02-28
Fournier,Charles,2005-08-19,2017,Swaziland,École Polytechnique,Biologie; Chimie; Informatique; Littérature; Mathématiques; Philosophie; Physique; Économie,Envisioneer strategic roi,Nom penser rayon l'un courage jambe même.,False,Lebon Hoareau S.A.S.,Nigeria,2021-07-17,Hoareau,Bermudes (Les),2017-03-06,2017-05-18
Fournier,Charles,2005-08-19,2018,Swaziland,École Polytechnique,Histoire; Philosophie,Aggregate visionary methodologies,Mal étrange politique genou nuage impression action produire.,True,Lebon Hoareau S.A.S.,Nigeria,2021-07-17,Garcia Chartier SARL,Iran,2018-04-25,2018-08-19
Fournier,Charles,2005-08-19,2019,Swaziland,École Polytechnique,Chimie; Informatique,,,NULL,Lebon Hoareau S.A.S.,Nigeria,2021-07-17,Gauthier,Mongolie,2019-04-06,2019-07-06
Gaillard,Robert,1994-11-07,2018,Ukraine,Institut Supérieur,Littérature,,,NULL,Boyer SARL,Libéria,2016-10-06,Boyer SARL,,,
Gaillard,Robert,1994-11-07,2019,Ukraine,Institut Supérieur,Chimie,Iterate frictionless content,Race absence leur désigner type toit.,True,Boyer SARL,Libéria,2016-10-06,Descamps,Albanie,2019-01-17,2019-03-26
Gaillard,Robert,1994-11-07,2020,Ukraine,Institut Supérieur,Biologie; Chimie; Histoire; Littérature; Mathématiques; Philosophie; Économie,Monetize clicks-and-mortar mindshare,Cuisine visible somme vous plaire plein.,False,Boyer SARL,Libéria,2016-10-06,Bourgeois,Luxembourg,2020-03-07,2020-07-06
Gaillard,Robert,1994-11-07,2021,Ukraine,Institut Supérieur,Informatique; Littérature; Mathématiques; Physique,Morph 24/365 technologies,Ruine espérer ventre officier lumière sac violent.,False,Boyer SARL,Libéria,2016-10-06,Boyer SARL,,,
Gaillard,Robert,1994-11-07,2022,Ukraine,Institut Supérieur,Biologie; Chimie; Histoire; Informatique; Mathématiques; Économie,Embrace killer synergies,Pas suffire fruit amener.,True,Boyer SARL,Libéria,2016-10-06,Antoine SARL,Somalie,2022-03-09,2022-04-20
Gaillard,Robert,1994-11-07,2023,Ukraine,Institut Supérieur,Histoire; Informatique; Littérature,,,NULL,Boyer SARL,Libéria,2016-10-06,Rémy,Suriname,2023-05-28,2023-07-12
Gaillard,Robert,1994-11-07,2024,Ukraine,Institut Supérieur,Physique,,,NULL,Boyer SARL,Libéria,2016-10-06,Boyer SARL,,,
Gaudin,Yves,2007-02-10,2019,Malaisie,École Polytechnique,Biologie,Re-intermediate 24/7 vortals,Condamner livre beau palais riche.,False,,,,Bouvet,Cameroun,2019-03-24,2019-06-27
Gaudin,Yves,2007-02-10,2020,Malaisie,École Polytechnique,Biologie; Histoire,Engage collaborative info-mediaries,Penser agiter fidèle retirer affirmer passion cheval.,False,,,,Gimenez,Brésil,2020-02-03,2020-05-23
Gaudin,Yves,2007-02-10,2021,Malaisie,École Polytechnique,Biologie; Chimie; Informatique; Littérature; Physique; Économie,Drive synergistic action-items,Vif lire croiser petit.,True,,,,,,,
Gaudin,Yves,2007-02-10,2022,Malaisie,École Polytechnique,Biologie; Histoire; Informatique; Littérature; Mathématiques; Physique,,,NULL,,,,Jacquot Paris S.A.R.L.,Qatar,2022-02-14,2022-05-01
Gaudin,Yves,2007-02-10,2023,Malaisie,École Polytechnique,Physique,Grow clicks-and-mortar methodologies,Étude son surveiller tel jour deux.,False,,,,,,,
Gay,Adèle,1995-11-29,2016,Gambie,Institut Supérieur,Histoire; Informatique; Littérature; Philosophie; Économie,Embrace rich paradigms,Exécuter tard mille tôt blanc vol étranger.,True,,,,,,,
Gay,Adèle,1995-11-29,2017,Gambie,Institut Supérieur,Biologie; Histoire; Informatique; Littérature,Disintermediate integrated applications,Résistance inventer sou oeuvre révéler visible.,False,,,,Huet,Norfolk (Îles),2017-03-25,2017-06-13
Gay,Adèle,1995-11-29,2018,Gambie,Institut Supérieur,Biologie; Chimie; Histoire; Informatique; Littérature; Mathématiques; Philosophie; Physique; Économie,Enable dynamic portals,Article vraiment cerveau du.,True,,,,,,,
Gay,Adèle,1995-11-29,2019,Gambie,Institut Supérieur,Histoire; Mathématiques; Philosophie; Physique,Reinvent cross-platform interfaces,Fort rire répondre courant cri serrer.,False,,,,Philippe S.A.S.,Italie,2019-03-18,2019-05-20
Gay,Adèle,1995-11-29,2020,Gambie,Institut Supérieur,Chimie; Littérature,Envisioneer one-to-one content,Départ ressembler comment façon puis monter.,True,,,,Michaud,Belize,2020-04-17,2020-08-31
Gay,Adèle,1995-11-29,2021,Gambie,Institut Supérieur,Philosophie,Incubate extensible convergence,Coûter puisque allumer tromper exposer digne vingt embrasser.,False,,,,Roger Charpentier S.A.S.,Australie,2021-01-15,2021-06-09
Gay,Anaïs,2004-08-09,2015,Botswana,École Polytechnique,Biologie; Informatique; Mathématiques,,,NULL,Louis,Moldavie,2003-01-27,Martin et Fils,Taiwan,2015-02-13,2015-08-10
Gay,Anaïs,2004-08-09,2016,Botswana,École Polytechnique,Biologie; Chimie; Informatique; Littérature; Mathématiques; Philosophie; Physique; Économie,,,NULL,Louis,Moldavie,2003-01-27,Boyer et Fils,Myanmar,2016-05-13,2016-09-07
Gay,Anaïs,2004-08-09,2017,Botswana,École Polytechnique,Biologie; Chimie; Mathématiques; Philosophie; Économie,Scale 24/7 e-business,Intérieur coup profiter pénétrer cercle engager envelopper.,True,Louis,Moldavie,2003-01-27,Louis,,,
Gay,Anaïs,2004-08-09,2018,Botswana,École Polytechnique,Biologie; Informatique; Littérature; Philosophie; Physique,Implement dot-com niches,Barbe confondre pont guerre prochain.,False,Louis,Moldavie,2003-01-27,Brunet,Îles Mineures Éloignées des États-Unis,2018-03-08,2018-08-23
Gay,Anaïs,2004-08-09,2019,Botswana,École Polytechnique,Économie,Architect intuitive portals,Expression claire groupe large souvenir colon peine.,True,Louis,Moldavie,2003-01-27,Louis,,,
Gay,Anaïs,2004-08-09,2020,Botswana,École Polytechnique,Informatique; Mathématiques,Aggregate e-business niches,Million désespoir frapper suite.,False,Louis,Moldavie,2003-01-27,Perret Merle et Fils,République tchèque,2020-06-04,2020-10-08
Gomez,Maggie,1995-09-06,2015,Syrie,Institut Supérieur,Biologie; Chimie; Histoire; Littérature; Physique,,,NULL,Pires,Tonga,2016-11-16,Georges Étienne SARL,Ghana,2015-05-04,2015-10-27
Gomez,Maggie,1995-09-06,2016,Syrie,Institut Supérieur,Littérature; Mathématiques,Incentivize best-of-breed supply-chains,Même portier médecin dos parce que comme âme poésie.,True,Pires,Tonga,2016-11-16,Briand,Micronésie (États fédérés de),2016-03-09,2016-05-26
Gomez,Maggie,1995-09-06,2017,Syrie,Institut Supérieur,Chimie; Philosophie; Physique; Économie,,,NULL,Pires,Tonga,2016-11-16,Renard S.A.,Wallis et Futuna (Îles),2017-05-13,2017-09-01
Gomez,Maggie,1995-09-06,2018,Syrie,Institut Supérieur,Biologie; Philosophie; Physique; Économie,Envisioneer integrated portals,Projet plutôt assister bataille.,True,Pires,Tonga,2016-11-16,Foucher Gauthier SA,Nigeria,2018-02-09,2018-03-23
Gomez,Maggie,1995-09-06,2019,Syrie,Institut Supérieur,Chimie; Informatique; Littérature; Philosophie; Physique; Économie,Reinvent enterprise info-mediaries,Peine état nourrir ton.,False,Pires,Tonga,2016-11-16,Pires,,,
Gomez,Maggie,1995-09-06,2020,Syrie,Institut Supérieur,Physique,Iterate holistic solutions,Liberté objet avant éclairer sein rapidement.,False,Pires,Tonga,2016-11-16,Boulay Sanchez SARL,Cayman (Îles),2020-06-27,2020-09-15
Guilbert,Alexandria,1997-04-12,2015,Svalbard et Jan Mayen (Îles),Institut Supérieur,Biologie; Informatique; Mathématiques; Physique; Économie,,,NULL,,,,,,,
Guilbert,Alexandria,1997-04-12,2016,Svalbard et Jan Mayen (Îles),Institut Supérieur,Biologie; Chimie; Informatique; Mathématiques; Philosophie; Économie,Target magnetic infrastructures,Prouver dès tard aimer sentier naturel ici contenir.,True,,,,,,,
Guilbert,Alexandria,1997-04-12,2017,Svalbard et Jan Mayen (Îles),Institut Supérieur,Histoire; Littérature; Mathématiques; Physique; Économie,Streamline real-time networks,Drôle ça jaune intéresser.,True,,,,,,,
Guilbert,Alexandria,1997-04-12,2018,Svalbard et Jan Mayen (Îles),Institut Supérieur,Chimie; Histoire; Mathématiques; Économie,Maximize wireless content,Père lentement quand fruit résister.,True,,,,Foucher S.A.,Oman,2018-02-19,2018-03-29
Guilbert,Alexandria,1997-04-12,2019,Svalbard et Jan Mayen (Îles),Institut Supérieur,Littérature,,,NULL,,,,Schneider,Syrie,2019-06-04,2019-11-01
Guilbert,Alexandria,1997-04-12,2020,Svalbard et Jan Mayen (Îles),Institut Supérieur,Histoire,Transform compelling e-tailers,Interroger prononcer plaisir geste.,False,,,,Lagarde,Koweit,2020-05-31,2020-10-04
Guillaume,Laure,2004-10-05,2020,Norvège,École Polytechnique,Informatique; Mathématiques; Philosophie,,,NULL,Charles et Fils,Uruguay,2005-06-04,Grondin S.A.R.L.,Guatemala,2020-05-06,2020-08-17
Guillaume,Laure,2004-10-05,2021,Norvège,École Polytechnique,Chimie; Littérature; Économie,Target wireless mindshare,Révolution effacer science silencieux école car.,True,Charles et Fils,Uruguay,2005-06-04,Charles et Fils,,,
Guillaume,Laure,2004-10-05,2022,Norvège,École Polytechnique,Histoire; Informatique; Mathématiques; Philosophie; Physique; Économie,,,NULL,Charles et Fils,Uruguay,2005-06-04,Blanchet S.A.S.,Cook (Îles),2022-01-09,2022-04-09
Guillaume,Laure,2004-10-05,2023,Norvège,École Polytechnique,Histoire; Littérature; Mathématiques; Philosophie; Économie,Enhance killer interfaces,Après présence remettre peuple ramasser général.,True,Charles et Fils,Uruguay,2005-06-04,Dijoux,Maurice,2023-03-08,2023-08-01
Guillaume,Laure,2004-10-05,2024,Norvège,École Polytechnique,Histoire; Informatique; Mathématiques; Philosophie,Revolutionize end-to-end metrics,Mur problème voilà rouler faute.,False,Charles et Fils,Uruguay,2005-06-04,Dupont,Guyane,2024-03-17,2024-06-21
Hernandez,Nathalie,2000-03-06,2017,Tokelau,Institut Supérieur,Biologie; Mathématiques,Embrace real-time web-readiness,Rouge preuve gouvernement pas sommeil tromper.,False,,,,,,,
Hernandez,Nathalie,2000-03-06,2018,Tokelau,Institut Supérieur,Chimie,Utilize real-time models,Suffire chute cri décider.,True,,,,Gautier,Koweit,2018-02-23,2018-07-18
Hernandez,Nathalie,2000-03-06,2019,Tokelau,Institut Supérieur,Chimie; Histoire; Informatique; Littérature; Philosophie,,,NULL,,,,,,,
Hernandez,Nathalie,2000-03-06,2020,Tokelau,Institut Supérieur,Biologie; Histoire; Informatique; Littérature; Mathématiques; Philosophie; Physique; Économie,Implement seamless initiatives,Pénétrer violent trait rôle savoir branche.,True,,,,Guillot Lucas S.A.R.L.,Côte d'Ivoire,2020-01-10,2020-03-12
Hernandez,Nathalie,2000-03-06,2021,Tokelau,Institut Supérieur,Histoire,,,NULL,,,,Klein,Aruba,2021-01-08,2021-06-07
Hernandez,Nathalie,2000-03-06,2022,Tokelau,Institut Supérieur,Biologie; Informatique; Physique,Mesh cross-platform e-business,Accrocher franc paysage parler rompre poésie dès.,False,,,,Peltier,Cap Vert,2022-05-26,2022-07-11
Lamy,Tristan,1998-04-29,2018,Guinée Equatoriale,École Polytechnique,Chimie; Philosophie,Aggregate frictionless interfaces,Terreur si or action choisir si arriver leur.,True,Coste,Belgique,2023-11-06,Coste,,,
Lamy,Tristan,1998-04-29,2019,Guinée Equatoriale,École Polytechnique,Chimie; Économie,,,NULL,Coste,Belgique,2023-11-06,Coste,,,
Lamy,Tristan,1998-04-29,2020,Guinée Equatoriale,École Polytechnique,Informatique; Littérature,Optimize revolutionary models,Juge surveiller colline chance baisser.,False,Coste,Belgique,2023-11-06,Coste,,,
Lamy,Tristan,1998-04-29,2021,Guinée Equatoriale,École Polytechnique,Informatique; Mathématiques; Philosophie; Économie,Mesh innovative partnerships,Blond prévenir falloir train nul toute.,True,Coste,Belgique,2023-11-06,Martin,Ghana,2021-06-06,2021-08-07
Lamy,Tristan,1998-04-29,2022,Guinée Equatoriale,École Polytechnique,Biologie; Chimie; Littérature; Philosophie; Physique; Économie,,,NULL,Coste,Belgique,2023-11-06,Poirier Fernandez S.A.S.,Slovénie,2022-04-27,2022-09-06
Lamy,Tristan,1998-04-29,2023,Guinée Equatoriale,École Polytechnique,Biologie; Chimie; Histoire; Informatique; Mathématiques; Philosophie; Physique; Économie,Enable dot-com interfaces,Également haut agiter toile nombre abandonner tout.,True,Coste,Belgique,2023-11-06,Coste,,,
Lamy,Tristan,1998-04-29,2024,Guinée Equatoriale,École Polytechnique,Chimie; Physique,Matrix wireless metrics,Drôle complet nuit soulever.,True,Coste,Belgique,2023-11-06,Coste,,,
le Roux,Richard,1996-11-22,2015,Saint-Marin (Rép. de),Institut Supérieur,Chimie; Histoire; Littérature; Mathématiques; Philosophie,,,NULL,Auger,Irlande,2011-04-04,Maury Ledoux S.A.,Palau,2015-06-13,2015-09-29
le Roux,Richard,1996-11-22,2016,Saint-Marin (Rép. de),Institut Supérieur,Informatique; Littérature; Économie,,,NULL,Auger,Irlande,2011-04-04,Auger,,,
le Roux,Richard,1996-11-22,2017,Saint-Marin (Rép. de),Institut Supérieur,Biologie; Chimie; Histoire; Informatique; Littérature; Mathématiques; Philosophie; Économie,Architect value-added e-services,Entier colère avouer tirer quand hôtel.,True,Auger,Irlande,2011-04-04,Leleu,Biélorussie,2017-01-16,2017-03-09
le Roux,Richard,1996-11-22,2018,Saint-Marin (Rép. de),Institut Supérieur,Biologie; Chimie; Informatique; Mathématiques; Physique; Économie,Mesh synergistic bandwidth,Quitter croix vieillard nombreux vieux.,True,Auger,Irlande,2011-04-04,Aubert Dubois et Fils,Kirghizistan,2018-05-13,2018-08-04
le Roux,Richard,1996-11-22,2019,Saint-Marin (Rép. de),Institut Supérieur,Biologie; Chimie; Histoire; Littérature; Économie,Brand back-end synergies,Coin souhaiter sac marché mine.,False,Auger,Irlande,2011-04-04,Baron et Fils,Ukraine,2019-04-19,2019-08-31
le Roux,Richard,1996-11-22,2020,Saint-Marin (Rép. de),Institut Supérieur,Économie,Matrix collaborative paradigms,Désespoir travers crier considérer premier deux cesse.,False,Auger,Irlande,2011-04-04,Auger,,,
Leduc,Louise,1995-04-30,2015,Papouasie-Nouvelle-Guinée,École Polytechnique,Chimie,Enhance front-end mindshare,Enfin pied jour soir.,False,Pasquier,Botswana,2002-10-10,Léger SARL,Guinée,2015-04-26,2015-06-17
Leduc,Louise,1995-04-30,2016,Papouasie-Nouvelle-Guinée,École Polytechnique,Biologie; Chimie; Informatique; Littérature; Mathématiques; Physique,Innovate strategic e-business,Souvenir faim de unique mien absolu lutter.,True,Pasquier,Botswana,2002-10-10,Bernard,Vierges (Îles),2016-02-22,2016-03-27
Leduc,Louise,1995-04-30,2017,Papouasie-Nouvelle-Guinée,École Polytechnique,Histoire; Informatique; Littérature; Philosophie; Physique; Économie,Exploit intuitive applications,Poser joie bord rose.,True,Pasquier,Botswana,2002-10-10,Bruneau S.A.,Botswana,2017-06-21,2017-12-14
Leduc,Louise,1995-04-30,2018,Papouasie-Nouvelle-Guinée,École Polytechnique,Informatique; Physique,Envisioneer leading-edge synergies,Image apercevoir eau ministre aide jamais son été.,True,Pasquier,Botswana,2002-10-10,Fleury SARL,Luxembourg,2018-04-01,2018-07-07
Leduc,Louise,1995-04-30,2019,Papouasie-Nouvelle-Guinée,École Polytechnique,Chimie; Informatique; Littérature; Physique; Économie,Embrace compelling e-services,Chair classe menacer tirer trace son.,True,Pasquier,Botswana,2002-10-10,Pasquier,,,
Lévêque,Lucy,1998-10-06,2015,Libéria,Université Lumière,Informatique; Littérature,Re-intermediate plug-and-play interfaces,Rue fermer changer respirer lequel meilleur quitter.,False,Imbert S.A.,Wallis et Futuna (Îles),2016-05-18,Rocher,Svalbard et Jan Mayen (Îles),2015-06-27,2015-10-11
Lévêque,Lucy,1998-10-06,2016,Libéria,Université Lumière,Biologie; Mathématiques; Économie,Re-contextualize extensible niches,Suite calmer cesse autant croire veiller.,True,Imbert S.A.,Wallis et Futuna (Îles),2016-05-18,Munoz,Turquie,2016-03-20,2016-07-27
Lévêque,Lucy,1998-10-06,2017,Libéria,Université Lumière,Physique,Exploit holistic partnerships,Succès causer endroit fois pousser.,True,Imbert S.A.,Wallis et Futuna (Îles),2016-05-18,Paris SARL,Tokelau,2017-02-16,2017-05-16
Lévêque,Lucy,1998-10-06,2018,Libéria,Université Lumière,Biologie; Chimie; Littérature; Physique,Deliver collaborative applications,Armée paysan beau espoir essayer trésor.,False,Imbert S.A.,Wallis et Futuna (Îles),2016-05-18,Imbert S.A.,,,
Lévêque,Lucy,1998-10-06,2019,Libéria,Université Lumière,Chimie; Philosophie; Physique,Whiteboard ubiquitous architectures,Claire toit perdre rocher satisfaire.,True,Imbert S.A.,Wallis et Futuna (Îles),2016-05-18,Imbert S.A.,,,
Lévêque,Lucy,1998-10-06,2020,Libéria,Université Lumière,Biologie; Physique,Streamline out-of-the-box e-business,Fixe public enfin demi voler accent poursuivre.,False,Imbert S.A.,Wallis et Futuna (Îles),2016-05-18,Moreau Lopes et Fils,Irak,2020-05-25,2020-09-18
Lombard,Susan,1995-10-20,2017,Égypte,École Polytechnique,Chimie; Économie,Synthesize out-of-the-box networks,Cacher livre geste lourd ce soudain.,False,,,,,,,
Lombard,Susan,1995-10-20,2018,Égypte,École Polytechnique,Informatique,Enhance dot-com action-items,Dégager assister robe éclairer terrible.,False,,,,Sanchez,Cuba,2018-04-21,2018-07-14
Lombard,Susan,1995-10-20,2019,Égypte,École Polytechnique,Biologie; Histoire; Mathématiques,Productize collaborative applications,Trace anglais fleur ouvert.,False,,,,,,,
Lombard,Susan,1995-10-20,2020,Égypte,École Polytechnique,Mathématiques,Grow viral e-tailers,Difficile terrain chose vide.,True,,,,De Sousa,Bhoutan,2020-02-02,2020-05-16
Lombard,Susan,1995-10-20,2021,Égypte,École Polytechnique,Informatique; Mathématiques; Philosophie; Économie,Aggregate world-class paradigms,Principe bureau dominer animer travers doigt.,True,,,,Didier,Qatar,2021-01-12,2021-06-22
Lombard,Susan,1995-10-20,2022,Égypte,École Polytechnique,Histoire; Littérature; Philosophie; Physique; Économie,Morph user-centric bandwidth,Arriver étage puis secrétaire.,False,,,,Pages,Colombie,2022-06-05,2022-11-09
Lombard,Susan,1995-10-20,2023,Égypte,École Polytechnique,Chimie; Mathématiques; Physique,Target revolutionary markets,Loin force perte nul.,True,,,,Neveu Lesage S.A.,Saint Pierre et Miquelon,2023-05-08,2023-10-29
Lombard,Susan,1995-10-20,2024,Égypte,École Polytechnique,Histoire; Mathématiques; Philosophie; Physique,Reinvent transparent niches,Inventer passion inspirer grain public rond.,False,,,,Marques,Macau,2024-03-21,2024-08-01
Mahe,Margot,2004-09-23,2020,Guyane française,Institut Supérieur,Biologie; Littérature; Philosophie; Économie,Transition turn-key communities,Premier parfaitement proposer.,True,Hamon,Guinée-Bissau,2002-09-20,Carre,Estonie,2020-06-27,2020-11-12
Mahe,Margot,2004-09-23,2021,Guyane française,Institut Supérieur,Biologie; Chimie; Informatique; Littérature; Physique,Repurpose clicks-and-mortar mindshare,Respect son présent plaire chaîne poche particulier.,False,Hamon,Guinée-Bissau,2002-09-20,Lejeune Leblanc SA,Malaisie,2021-02-17,2021-07-29
Mahe,Margot,2004-09-23,2022,Guyane française,Institut Supérieur,Informatique; Littérature; Mathématiques; Philosophie; Économie,Drive sticky portals,Malgré affaire poésie craindre oh.,False,Hamon,Guinée-Bissau,2002-09-20,Breton S.A.,Panama,2022-03-12,2022-09-02
Mahe,Margot,2004-09-23,2023,Guyane française,Institut Supérieur,Physique; Économie,Revolutionize efficient experiences,Surtout carte vue haut attacher paupière.,False,Hamon,Guinée-Bissau,2002-09-20,Pasquier Barbier et Fils,Pakistan,2023-05-22,2023-10-07
Mahe,Margot,2004-09-23,2024,Guyane française,Institut Supérieur,Chimie; Histoire; Mathématiques,,,NULL,Hamon,Guinée-Bissau,2002-09-20,De Sousa S.A.,Moldavie,2024-06-02,2024-11-20
Marques,Laure,1998-03-06,2015,Cocos (Îles),École Polytechnique,Biologie; Chimie; Histoire; Mathématiques; Économie,Utilize seamless roi,Un extraordinaire composer gens encore roi plaire.,False,Devaux,Zimbabwe,2021-08-14,Devaux,,,
Marques,Laure,1998-03-06,2016,Cocos (Îles),École Polytechnique,Histoire; Informatique; Littérature; Mathématiques; Économie,Empower customized initiatives,Danger hier de vue.,False,Devaux,Zimbabwe,2021-08-14,Julien S.A.R.L.,Bhoutan,2016-03-30,2016-09-13
Marques,Laure,1998-03-06,2017,Cocos (Îles),École Polytechnique,Économie,Scale best-of-breed e-markets,Dernier parcourir faire cent horizon.,True,Devaux,Zimbabwe,2021-08-14,Chauvet,Sri Lanka,2017-05-19,2017-08-09
Marques,Laure,1998-03-06,2018,Cocos (Îles),École Polytechnique,Biologie; Physique,,,NULL,Devaux,Zimbabwe,2021-08-14,Verdier,Yougoslavie,2018-04-25,2018-08-30
Marques,Laure,1998-03-06,2019,Cocos (Îles),École Polytechnique,Chimie; Informatique; Philosophie; Économie,Whiteboard killer eyeballs,Bas cinq foule désigner magnifique.,False,Devaux,Zimbabwe,2021-08-14,Bonnet S.A.S.,Cambodge,2019-01-31,2019-03-19
Marques,Laure,1998-03-06,2020,Cocos (Îles),École Polytechnique,Histoire; Littérature,Engage global relationships,Parvenir conscience chambre bande.,False,Devaux,Zimbabwe,2021-08-14,Brunel Neveu SARL,France,2020-06-27,2020-08-28
Martel,Valérie,1995-02-11,2019,Féroé (Îles),Université Lumière,Philosophie,Engage sticky bandwidth,Jeune ceci curiosité bête justice rouge marier habiter.,True,Maillot,Égypte,2023-05-24,Peron S.A.,Panama,2019-02-15,2019-07-26
Martel,Valérie,1995-02-11,2020,Féroé (Îles),Université Lumière,Biologie; Mathématiques,,,NULL,Maillot,Égypte,2023-05-24,Maillot,,,
Martel,Valérie,1995-02-11,2021,Féroé (Îles),Université Lumière,Chimie; Histoire,Innovate sticky schemas,Demander rond autre voile suite.,True,Maillot,Égypte,2023-05-24,Maillot,,,
Martel,Valérie,1995-02-11,2022,Féroé (Îles),Université Lumière,Biologie; Histoire; Informatique; Littérature; Mathématiques; Économie,Exploit out-of-the-box networks,Poitrine profondément sens.,True,Maillot,Égypte,2023-05-24,Lenoir S.A.R.L.,Israël,2022-01-11,2022-03-19
Martel,Valérie,1995-02-11,2023,Féroé (Îles),Université Lumière,Philosophie; Physique,Mesh next-generation e-markets,Résoudre sol fait type naissance.,False,Maillot,Égypte,2023-05-24,Alves Turpin S.A.,Rép. Dém. du Congo,2023-05-17,2023-07-18
Martel,Valérie,1995-02-11,2024,Féroé (Îles),Université Lumière,Biologie; Informatique; Littérature; Philosophie,,,NULL,Maillot,Égypte,2023-05-24,Imbert Courtois SARL,Kirghizistan,2024-05-21,2024-10-07
Maury,Dominique,2006-02-03,2019,Costa Rica,Institut Supérieur,Informatique; Philosophie; Économie,Revolutionize seamless initiatives,Nommer doux établir renoncer.,False,Millet,Bahamas,2007-11-02,Martinez Vaillant et Fils,Guyane,2019-05-23,2019-11-11
Maury,Dominique,2006-02-03,2020,Costa Rica,Institut Supérieur,Chimie; Informatique; Philosophie; Physique,Incubate enterprise synergies,Premier endormir soin fait.,False,Millet,Bahamas,2007-11-02,Millet,,,
Maury,Dominique,2006-02-03,2021,Costa Rica,Institut Supérieur,Informatique; Mathématiques,,,NULL,Millet,Bahamas,2007-11-02,Millet,,,
Maury,Dominique,2006-02-03,2022,Costa Rica,Institut Supérieur,Chimie; Informatique,,,NULL,Millet,Bahamas,2007-11-02,Millet,,,
Maury,Dominique,2006-02-03,2023,Costa Rica,Institut Supérieur,Chimie; Histoire; Informatique; Mathématiques; Philosophie; Économie,,,NULL,Millet,Bahamas,2007-11-02,Millet,,,
Maury,Dominique,2006-02-03,2024,Costa Rica,Institut Supérieur,Biologie; Philosophie; Physique,,,NULL,Millet,Bahamas,2007-11-02,Millet,,,
Mercier,Étienne,2001-11-03,2015,Saint-Kitts et Nevis,Université Lumière,Histoire; Philosophie; Économie,Reinvent innovative portals,Confier intérieur interrompre mal général agiter.,False,,,,Durand S.A.,Estonie,2015-06-07,2015-08-16
Mercier,Étienne,2001-11-03,2016,Saint-Kitts et Nevis,Université Lumière,Physique,,,NULL,,,,,,,
Mercier,Étienne,2001-11-03,2017,Saint-Kitts et Nevis,Université Lumière,Biologie; Histoire; Littérature; Physique,Leverage efficient e-commerce,Nord bouche reconnaître si toute même.,False,,,,,,,
Mercier,Étienne,2001-11-03,2018,Saint-Kitts et Nevis,Université Lumière,Biologie; Chimie; Histoire; Informatique; Littérature; Mathématiques; Physique,Engage web-enabled e-markets,Soldat rejoindre rassurer juste notre silence colère.,False,,,,,,,
Mercier,Étienne,2001-11-03,2019,Saint-Kitts et Nevis,Université Lumière,Histoire; Économie,Repurpose dynamic architectures,Usage hiver précipiter quartier avoir noire cour.,False,,,,Allain Vaillant S.A.S.,Jamaïque,2019-06-16,2019-12-11
Mercier,Étienne,2001-11-03,2020,Saint-Kitts et Nevis,Université Lumière,Philosophie; Économie,Grow innovative channels,Seconde mari certain présent pièce.,True,,,,,,,
Morvan,Xavier,2005-11-26,2020,Indonésie,Institut Supérieur,Économie,Morph bricks-and-clicks mindshare,Avec goût part que aventure auprès foi.,False,Cordier S.A.R.L.,Chypre,2021-01-26,Maillot,Autriche,2020-02-10,2020-07-29
Morvan,Xavier,2005-11-26,2021,Indonésie,Institut Supérieur,Littérature,Syndicate innovative bandwidth,Enfermer honneur vingt angoisse.,True,Cordier S.A.R.L.,Chypre,2021-01-26,Cordier S.A.R.L.,,,
Morvan,Xavier,2005-11-26,2022,Indonésie,Institut Supérieur,Biologie; Histoire; Littérature; Mathématiques; Philosophie,Scale world-class initiatives,Sourd retrouver sens paysan prix.,False,Cordier S.A.R.L.,Chypre,2021-01-26,Langlois,Jordanie,2022-03-11,2022-08-15
Morvan,Xavier,2005-11-26,2023,Indonésie,Institut Supérieur,Biologie,Drive b2c supply-chains,Pourtant figurer réunir soumettre bataille trésor faveur est.,True,Cordier S.A.R.L.,Chypre,2021-01-26,Navarro,Samoa,2023-01-03,2023-04-14
Morvan,Xavier,2005-11-26,2024,Indonésie,Institut Supérieur,Économie,,,NULL,Cordier S.A.R.L.,Chypre,2021-01-26,Cordier S.A.R.L.,,,
Neveu,Charles,2005-12-15,2017,Gambie,Université Lumière,Chimie; Physique,,,NULL,,,,,,,
Neveu,Charles,2005-12-15,2018,Gambie,Université Lumière,Biologie; Chimie; Littérature; Physique,Re-intermediate rich mindshare,Figurer respirer art moyen résultat sac crainte.,False,,,,,,,
Neveu,Charles,2005-12-15,2019,Gambie,Université Lumière,Informatique; Littérature; Mathématiques; Physique; Économie,Grow leading-edge niches,Falloir personnage attention sonner cause jouer.,True,,,,Petitjean,Honduras,2019-02-16,2019-06-08
Neveu,Charles,2005-12-15,2020,Gambie,Université Lumière,Histoire; Littérature; Mathématiques; Économie,,,NULL,,,,Faivre,Bangladesh,2020-05-22,2020-09-19
Neveu,Charles,2005-12-15,2021,Gambie,Université Lumière,Physique; Économie,Incubate e-business paradigms,Bien droite voler boire.,True,,,,Roy S.A.R.L.,Polynésie française,2021-01-07,2021-05-03
Neveu,Charles,2005-12-15,2022,Gambie,Université Lumière,Biologie; Chimie; Histoire,Matrix plug-and-play architectures,Nez prouver colline poser rappeler.,True,,,,Bailly Riou S.A.R.L.,Venezuela,2022-03-12,2022-05-21
Neveu,Charles,2005-12-15,2023,Gambie,Université Lumière,Mathématiques,Transition innovative e-business,Lire lèvre confier partout poids coûter devoir saluer.,True,,,,Morin,Turquie,2023-06-26,2023-12-01
Perret,Thierry,1999-05-31,2019,Corée du Nord,École Polytechnique,Chimie; Économie,Mesh mission-critical content,Chair flot user grâce votre rêve classe.,False,,,,,,,
Perret,Thierry,1999-05-31,2020,Corée du Nord,École Polytechnique,Chimie; Informatique; Littérature; Économie,Revolutionize next-generation infrastructures,Amour cheval tourner écraser.,False,,,,,,,
Perret,Thierry,1999-05-31,2021,Corée du Nord,École Polytechnique,Mathématiques; Physique; Économie,Embrace one-to-one applications,Emmener premier élément fonction.,True,,,,Bourgeois Guyot S.A.S.,Saint-Kitts et Nevis,2021-05-06,2021-09-21
Perret,Thierry,1999-05-31,2022,Corée du Nord,École Polytechnique,Biologie; Histoire; Informatique; Mathématiques; Économie,Enhance plug-and-play communities,Propre assister très lumière plein objet simplement.,False,,,,Laurent S.A.R.L.,Canada,2022-06-01,2022-11-20
Perret,Thierry,1999-05-31,2023,Corée du Nord,École Polytechnique,Littérature; Philosophie; Économie,,,NULL,,,,Delaunay S.A.,Vierges (Îles),2023-02-13,2023-03-18
Perret,Thierry,1999-05-31,2024,Corée du Nord,École Polytechnique,Mathématiques,,,NULL,,,,,,,
Pierre,Louise,1996-03-11,2016,Montserrat,Institut Supérieur,Littérature,,,NULL,Vallet,Allemagne,2004-05-02,Vallet,,,
Pierre,Louise,1996-03-11,2017,Montserrat,Institut Supérieur,Histoire; Physique,,,NULL,Vallet,Allemagne,2004-05-02,Maillet Picard S.A.R.L.,Christmas (Île),2017-01-23,2017-06-12
Pierre,Louise,1996-03-11,2018,Montserrat,Institut Supérieur,Mathématiques; Économie,Synergize bricks-and-clicks action-items,Entendre bruit étranger arracher accord façon.,True,Vallet,Allemagne,2004-05-02,Regnier,Groenland,2018-03-25,2018-06-20
Pierre,Louise,1996-03-11,2019,Montserrat,Institut Supérieur,Histoire; Philosophie; Physique,Mesh seamless info-mediaries,Scène accorder montrer printemps écrire souffrir.,False,Vallet,Allemagne,2004-05-02,Toussaint S.A.S.,Bosnie-Herzégovine,2019-06-17,2019-09-02
Pierre,Louise,1996-03-11,2020,Montserrat,Institut Supérieur,Histoire; Informatique,Visualize extensible web-readiness,Fixe supporter nécessaire peau raison.,True,Vallet,Allemagne,2004-05-02,Vallet,,,
Pierre,Louise,1996-03-11,2021,Montserrat,Institut Supérieur,Chimie; Littérature; Mathématiques; Philosophie; Économie,,,NULL,Vallet,Allemagne,2004-05-02,Vallet,,,
Pierre,Louise,1996-03-11,2022,Montserrat,Institut Supérieur,Informatique; Littérature; Mathématiques; Philosophie,Engage b2b networks,Dernier coûter voler effort notre joue.,False,Vallet,Allemagne,2004-05-02,Vallet,,,
Pierre,Louise,1996-03-11,2023,Montserrat,Institut Supérieur,Chimie; Histoire; Philosophie; Économie,,,NULL,Vallet,Allemagne,2004-05-02,Clerc,Papouasie-Nouvelle-Guinée,2023-03-24,2023-07-10
Pierre,Louise,1996-03-11,2024,Montserrat,Institut Supérieur,Chimie; Histoire; Mathématiques; Philosophie; Physique; Économie,Architect leading-edge convergence,Prix répondre écrire quinze.,False,Vallet,Allemagne,2004-05-02,Vallet,,,
Rémy,Marcel,1998-10-28,2015,Oman,École Polytechnique,Histoire,,,NULL,Picard et Fils,Canada,2024-10-06,Petit et Fils,Trinité et Tobago,2015-06-09,2015-08-06
Rémy,Marcel,1998-10-28,2016,Oman,École Polytechnique,Chimie; Informatique; Littérature; Mathématiques; Philosophie; Physique; Économie,Disintermediate front-end paradigms,Préférer joue trace.,True,Picard et Fils,Canada,2024-10-06,François Barre SARL,Zambie,2016-04-05,2016-05-20
Rémy,Marcel,1998-10-28,2017,Oman,École Polytechnique,Biologie; Histoire; Mathématiques; Économie,,,NULL,Picard et Fils,Canada,2024-10-06,Aubert S.A.R.L.,São Tomé et Príncipe (Rép.),2017-05-01,2017-09-26
Rémy,Marcel,1998-10-28,2018,Oman,École Polytechnique,Biologie; Chimie; Informatique,Scale magnetic interfaces,Bois succès accuser devoir lequel fonder heure.,True,Picard et Fils,Canada,2024-10-06,Gomez,Samoa,2018-03-30,2018-06-05
Rémy,Marcel,1998-10-28,2019,Oman,École Polytechnique,Philosophie; Économie,Repurpose one-to-one roi,Hôtel âme durant besoin.,False,Picard et Fils,Canada,2024-10-06,Bonnin Leclercq S.A.,Chili,2019-05-08,2019-09-27
Rémy,Marcel,1998-10-28,2020,Oman,École Polytechnique,Biologie,Unleash viral eyeballs,Scène mari faim former coeur préparer diriger coin.,True,Picard et Fils,Canada,2024-10-06,Charles,Brésil,2020-06-22,2020-10-21
Renaud,Renée,1995-03-14,2015,Haïti,Institut Supérieur,Chimie; Économie,Disintermediate plug-and-play eyeballs,Oeil gauche sortir respect obéir saint clair.,True,,,,Hamon,Mexique,2015-02-28,2015-05-12
Renaud,Renée,1995-03-14,2016,Haïti,Institut Supérieur,Chimie; Littérature; Mathématiques; Philosophie; Économie,Evolve out-of-the-box architectures,Bientôt anglais dimanche jouer petit chaleur point.,True,,,,Pruvost,Vietnam,2016-01-18,2016-04-09
Renaud,Renée,1995-03-14,2017,Haïti,Institut Supérieur,Biologie; Chimie; Histoire; Informatique; Littérature; Mathématiques; Philosophie; Physique; Économie,Exploit distributed applications,Vérité nous relation fixe réalité tête.,True,,,,Cordier,Gambie,2017-06-04,2017-09-06
Renaud,Renée,1995-03-14,2018,Haïti,Institut Supérieur,Littérature; Mathématiques; Physique; Économie,Synthesize integrated info-mediaries,Chaîne étouffer quarante jambe seul tandis que ceci.,True,,,,Turpin Royer S.A.,Irak,2018-03-13,2018-08-12
Renaud,Renée,1995-03-14,2019,Haïti,Institut Supérieur,Informatique,,,NULL,,,,,,,
Renaud,Renée,1995-03-14,2020,Haïti,Institut Supérieur,Philosophie,Architect scalable infrastructures,Envelopper très pouvoir marier.,True,,,,Joseph S.A.,Lettonie,2020-06-24,2020-09-01
Rey,Isaac,1997-08-25,2015,Panama,Institut Supérieur,Biologie; Informatique; Mathématiques; Économie,Engage customized eyeballs,Non tempête beaux trait.,False,Couturier,Guinée Equatoriale,2015-12-31,Becker,Mexique,2015-05-31,2015-09-08
Rey,Isaac,1997-08-25,2016,Panama,Institut Supérieur,Biologie; Informatique; Littérature; Philosophie; Économie,Cultivate distributed mindshare,Voix nombreux voile livre complètement distance subir naturellement.,False,Couturier,Guinée Equatoriale,2015-12-31,Couturier,,,
Rey,Isaac,1997-08-25,2017,Panama,Institut Supérieur,Chimie; Histoire; Informatique; Mathématiques; Physique; Économie,,,NULL,Couturier,Guinée Equatoriale,2015-12-31,Fernandes Carre SA,Estonie,2017-02-19,2017-08-01
Rey,Isaac,1997-08-25,2018,Panama,Institut Supérieur,Littérature; Physique,Architect vertical architectures,Rue mieux croix tenter autorité aucun marche.,True,Couturier,Guinée Equatoriale,2015-12-31,Potier,Libéria,2018-05-06,2018-08-18
Rey,Isaac,1997-08-25,2019,Panama,Institut Supérieur,Littérature,Transform best-of-breed architectures,Reste poésie également autour.,False,Couturier,Guinée Equatoriale,2015-12-31,Regnier et Fils,Comores,2019-01-09,2019-06-21
Rey,Isaac,1997-08-25,2020,Panama,Institut Supérieur,Littérature; Économie,Architect sticky technologies,Inquiéter passer forme attitude premier obéir.,True,Couturier,Guinée Equatoriale,2015-12-31,Colin SARL,Afghanistan,2020-05-24,2020-09-01
Robin,Benjamin,2002-02-09,2017,Ukraine,Université Lumière,Économie,Re-contextualize compelling solutions,Queue étrange muet position.,True,Cordier SARL,Myanmar,2025-06-25,Peron,Chili,2017-02-23,2017-06-24
Robin,Benjamin,2002-02-09,2018,Ukraine,Université Lumière,Physique; Économie,Maximize robust interfaces,Queue auquel ressembler cependant.,True,Cordier SARL,Myanmar,2025-06-25,Lamy,Chypre,2018-04-23,2018-06-19
Robin,Benjamin,2002-02-09,2019,Ukraine,Université Lumière,Physique,Disintermediate impactful metrics,Visage te remonter.,True,Cordier SARL,Myanmar,2025-06-25,Cordier SARL,,,
Robin,Benjamin,2002-02-09,2020,Ukraine,Université Lumière,Biologie; Chimie; Informatique; Littérature; Philosophie; Physique; Économie,Whiteboard b2b e-commerce,Caresser construire faute heureux.,False,Cordier SARL,Myanmar,2025-06-25,Sanchez et Fils,Sahara Occidental,2020-05-15,2020-08-11
Robin,Benjamin,2002-02-09,2021,Ukraine,Université Lumière,Biologie; Chimie; Histoire; Physique,,,NULL,Cordier SARL,Myanmar,2025-06-25,Chevallier,Timor,2021-03-31,2021-07-23
Robin,Benjamin,2002-02-09,2022,Ukraine,Université Lumière,Histoire; Informatique; Littérature; Physique; Économie,,,NULL,Cordier SARL,Myanmar,2025-06-25,De Oliveira S.A.S.,Somalie,2022-03-11,2022-07-28
Robin,Benjamin,2002-02-09,2023,Ukraine,Université Lumière,Histoire; Informatique,Whiteboard bleeding-edge systems,Signifier sujet ciel inspirer ministre.,False,Cordier SARL,Myanmar,2025-06-25,Renault SA,Espagne,2023-04-01,2023-05-12
Robin,Philippe,2002-03-14,2015,Wallis et Futuna (Îles),Université Lumière,Informatique; Littérature,,,NULL,,,,Blondel,Kenya,2015-01-21,2015-05-26
Robin,Philippe,2002-03-14,2016,Wallis et Futuna (Îles),Université Lumière,Philosophie,Orchestrate mission-critical platforms,Gauche herbe accord leur.,True,,,,Allain,France,2016-06-07,2016-09-15
Robin,Philippe,2002-03-14,2017,Wallis et Futuna (Îles),Université Lumière,Chimie; Histoire; Informatique; Physique; Économie,,,NULL,,,,Berthelot,Tchad,2017-06-27,2017-10-25
Robin,Philippe,2002-03-14,2018,Wallis et Futuna (Îles),Université Lumière,Biologie; Chimie; Littérature; Économie,Synthesize revolutionary methodologies,Marché condition presser enfance prêt souvenir.,False,,,,Richard Schmitt SARL,Rwanda,2018-03-24,2018-08-27
Robin,Philippe,2002-03-14,2019,Wallis et Futuna (Îles),Université Lumière,Chimie; Littérature; Mathématiques; Physique; Économie,Mesh innovative synergies,Président propos midi cesse intérieur rideau âgé.,False,,,,Ollivier Vasseur S.A.R.L.,Chypre,2019-06-22,2019-10-20
Robin,Philippe,2002-03-14,2020,Wallis et Futuna (Îles),Université Lumière,Biologie; Chimie; Histoire; Littérature; Mathématiques; Philosophie; Économie,Strategize front-end paradigms,Étouffer doucement dessus attitude an gagner.,False,,,,Brunet SA,Territoire britannique de l'océan Indien,2020-04-25,2020-09-09
Thibault,Guy,1996-02-23,2020,Guinée Equatoriale,Université Lumière,Informatique,Harness distributed deliverables,Salut droite jambe placer santé.,False,Léger et Fils,Lettonie,2000-11-25,Girard,Chili,2020-03-27,2020-08-07
Thibault,Guy,1996-02-23,2021,Guinée Equatoriale,Université Lumière,Biologie; Histoire; Informatique; Économie,Iterate frictionless experiences,Oser sentir penser fine inviter rêver vous.,True,Léger et Fils,Lettonie,2000-11-25,Martin Mahe et Fils,Sénégal,2021-06-26,2021-11-11
Thibault,Guy,1996-02-23,2022,Guinée Equatoriale,Université Lumière,Biologie; Histoire; Physique; Économie,,,NULL,Léger et Fils,Lettonie,2000-11-25,Léger et Fils,,,
Thibault,Guy,1996-02-23,2023,Guinée Equatoriale,Université Lumière,Biologie; Chimie; Histoire; Informatique; Philosophie,,,NULL,Léger et Fils,Lettonie,2000-11-25,Allain Marques SARL,République tchèque,2023-04-26,2023-08-11
Thibault,Guy,1996-02-23,2024,Guinée Equatoriale,Université Lumière,Biologie; Informatique; Littérature; Mathématiques; Philosophie; Physique; Économie,Strategize impactful portals,Annoncer dehors plein.,True,Léger et Fils,Lettonie,2000-11-25,Guillot,Singapour,2024-06-03,2024-07-16
Thomas,Pierre,1995-12-03,2020,Équateur,École Polytechnique,Littérature,,,NULL,,,,Leleu,Saint Pierre et Miquelon,2020-04-01,2020-09-20
Thomas,Pierre,1995-12-03,2021,Équateur,École Polytechnique,Chimie; Informatique; Littérature; Physique; Économie,Repurpose extensible infrastructures,Bord salle fumée préférer passer leur.,True,,,,Sauvage,France,2021-04-21,2021-07-27
Thomas,Pierre,1995-12-03,2022,Équateur,École Polytechnique,Biologie; Chimie; Mathématiques,Leverage magnetic portals,Nouveau pourquoi offrir portier source commencer.,True,,,,Weber,Sri Lanka,2022-04-03,2022-08-28
Thomas,Pierre,1995-12-03,2023,Équateur,École Polytechnique,Biologie; Histoire; Littérature; Économie,,,NULL,,,,Maillot S.A.,Botswana,2023-01-28,2023-04-08
Thomas,Pierre,1995-12-03,2024,Équateur,École Polytechnique,Biologie; Littérature; Philosophie; Économie,Embrace rich convergence,Ennemi exposer annoncer vieil arrêter être sentiment.,True,,,,Nicolas S.A.S.,Anguilla,2024-04-24,2024-09-08
Vaillant,Jérôme,1997-08-03,2017,Pays-Bas,Institut Supérieur,Littérature; Physique; Économie,Seize wireless models,Quarante tour dernier franchir.,True,,,,Weber Mallet SA,Thailande,2017-02-09,2017-04-24
Vaillant,Jérôme,1997-08-03,2018,Pays-Bas,Institut Supérieur,Biologie; Histoire,Deploy web-enabled roi,Lèvre lutte rejeter complètement instinct affirmer acte.,True,,,,Barbier S.A.,Jordanie,2018-02-23,2018-04-17
Vaillant,Jérôme,1997-08-03,2019,Pays-Bas,Institut Supérieur,Biologie; Histoire; Philosophie; Économie,Leverage wireless bandwidth,Compagnie musique trembler journée risquer.,True,,,,,,,
Vaillant,Jérôme,1997-08-03,2020,Pays-Bas,Institut Supérieur,Informatique; Mathématiques,Cultivate magnetic info-mediaries,Pierre succès semblable comment cesser comment.,True,,,,,,,
Vaillant,Jérôme,1997-08-03,2021,Pays-Bas,Institut Supérieur,Biologie; Histoire; Littérature; Mathématiques; Philosophie; Économie,,,NULL,,,,,,,
Vaillant,Jérôme,1997-08-03,2022,Pays-Bas,Institut Supérieur,Philosophie; Physique,,,NULL,,,,Seguin Martel SARL,Sainte Lucie,2022-06-15,2022-08-26
Vallet,Pénélope,2000-04-16,2015,Luxembourg,École Polytechnique,Biologie; Informatique; Littérature; Mathématiques; Philosophie; Physique; Économie,Target 24/365 infrastructures,Poser naissance lever appartenir.,True,Sauvage,Bouvet (Îles),2015-11-23,Gérard S.A.R.L.,Macédoine,2015-02-02,2015-06-05
Vallet,Pénélope,2000-04-16,2016,Luxembourg,École Polytechnique,Biologie; Histoire; Informatique; Mathématiques; Philosophie; Économie,Incubate bleeding-edge action-items,Vide admettre beauté lettre.,False,Sauvage,Bouvet (Îles),2015-11-23,Techer SA,Uruguay,2016-02-21,2016-08-14
Vallet,Pénélope,2000-04-16,2017,Luxembourg,École Polytechnique,Chimie; Histoire; Littérature; Philosophie; Physique; Économie,Target customized portals,Peuple rapporter désirer entraîner mille appartement garde lever.,False,Sauvage,Bouvet (Îles),2015-11-23,Hoarau,Tokelau,2017-03-13,2017-09-07
Vallet,Pénélope,2000-04-16,2018,Luxembourg,École Polytechnique,Physique,Transition cutting-edge relationships,Mine rien bout avant autorité déclarer.,False,Sauvage,Bouvet (Îles),2015-11-23,Roy SARL,Namibie,2018-05-07,2018-08-17
Vallet,Pénélope,2000-04-16,2019,Luxembourg,École Polytechnique,Physique,,,NULL,Sauvage,Bouvet (Îles),2015-11-23,Ramos Lejeune S.A.R.L.,Nepal,2019-02-14,2019-05-01
Vallet,Pénélope,2000-04-16,2020,Luxembourg,École Polytechnique,Mathématiques,Re-contextualize user-centric vortals,Oeuvre fête demain mariage.,False,Sauvage,Bouvet (Îles),2015-11-23,Sauvage,,,
